{
  "project_info": {
    "project_number": "357900823890",
    "project_id": "hellome-e5830",
    "storage_bucket": "hellome-e5830.appspot.com"
  },
  "client": [
    {
      "client_info": {
        "mobilesdk_app_id": "1:357900823890:android:8990c4a217441cfa0f9e8b",
        "android_client_info": {
          "package_name": "com.technion.android.hello_me"
        }
      },
      "oauth_client": [
        {
          "client_id": "357900823890-1n8pfk2laais0gh2lk10c5q0k4i457dr.apps.googleusercontent.com",
          "client_type": 3
        }
      ],
      "api_key": [
        {
          "current_key": "AIzaSyBGb_9mZkHe-eYSssP03ftKcLQrDGd4Zww"
        }
      ],
      "services": {
        "appinvite_service": {
          "other_platform_oauth_client": [
            {
              "client_id": "357900823890-1n8pfk2laais0gh2lk10c5q0k4i457dr.apps.googleusercontent.com",
              "client_type": 3
            }
          ]
        }
      }
    }
  ],
  "configuration_version": "1"
}